Stress_Level,Recommendations,Rating 
1,Take a short morning walk outside for 10–15 minutes to enjoy fresh air and natural light. This can gently boost mood and alertness without being physically demanding.,4
1,"Practice mindful breathing for 3–5 minutes, focusing on slow inhales and exhales. This helps subtly center your mind and improve focus throughout the day.",4
1,"Drink a full glass of water when you wake up. Hydration supports optimal brain function and energy levels, preventing small stress triggers.",3
1,Spend 5–10 minutes journaling about positive experiences from the previous day. Reflecting on small successes reinforces positivity and reduces lingering minor stress.,4
1,Listen to calming instrumental music while doing light tasks. Music has a gentle effect on the nervous system and can keep mild stress from accumulating.,3
1,"Stretch lightly for 5–10 minutes, focusing on neck, shoulders, and back. Gentle stretching reduces tension that can arise even at low stress levels.",4
1,Spend a few minutes outdoors with sunlight exposure. Sunlight can improve mood by increasing vitamin D and supporting circadian rhythm.,5
1,Take short breaks from screens every hour. Looking away and resting your eyes prevents eye strain and subtle tension headaches.,4
1,"Enjoy a cup of herbal tea, such as chamomile or peppermint. These beverages can promote relaxation without significant physical or mental effort.",3
1,"Plan your day by writing a small, realistic to-do list. Structured planning can prevent stress from creeping in, even at low levels.",5
1,Declutter your immediate workspace for 10 minutes. A tidy environment reduces small mental friction and keeps focus smooth.,3
1,Practice gratitude by listing three things you’re thankful for. This shifts attention from minor stressors to positive aspects of life.,2
1,Spend a few minutes petting or playing with a pet. Gentle interaction with animals is known to lower stress hormones and boost mood.,2
1,"Read a few pages of a light, uplifting book. Engaging your mind with positive material keeps stress levels low and can stimulate inspiration.",3
1,Do a short guided meditation or mindfulness app session (5–10 minutes). Even brief meditation strengthens emotional resilience over time.,4
1,"Take a brief walk after meals. This supports digestion and provides a mental reset, preventing minor stress buildup.",4
1,Practice simple yoga poses for 5–10 minutes. Gentle movement and mindful breathing together help maintain calmness.,5
1,Write a short note or message to a friend to express appreciation. Social connection reduces feelings of stress and boosts positivity.,3
1,Keep a small box of stress-relief items (like a stress ball or fidget spinner) nearby. Even light tactile stimulation can prevent small frustrations from lingering.,1
1,"Take a mindful shower, focusing on sensations and temperature. Mindfulness during routine activities subtly reduces stress accumulation.",3
1,"Practice diaphragmatic breathing while seated comfortably. Focusing on deep breaths engages the parasympathetic nervous system, keeping stress minimal.",3
1,Spend 5 minutes practicing visualization of a calm scene or happy memory. Mental imagery can reduce minor tension and enhance mood.,5
1,Listen to a short motivational podcast or audio clip. Positive auditory content can uplift your mind and prevent stress from creeping in.,5
1,Spend time tending a small indoor plant. Engaging with nature indoors has gentle therapeutic effects on mood.,4
1,Stand up and gently shake your limbs every hour. Simple movement improves circulation and prevents mild tension.,4
1,Take a brief digital detox of 10–15 minutes. Even short breaks from notifications reduce subtle mental fatigue and stress.,3
1,Try a short creative activity like doodling or coloring. Expressing yourself visually encourages relaxation and light mental engagement.,4
1,Play soothing ambient sounds while working to maintain light relaxation.,3
1,"Maintain good posture for 10–15 minutes, checking alignment of your spine and shoulders. Proper posture prevents physical stress that can contribute to mild tension.",3
1,"Eat a small, healthy snack, such as fruit or nuts, while focusing on mindful eating. Mindfulness while eating reduces low-level stress and improves digestion.",5
1,"Look at something green, such as plants or nature, to soothe your eyes and mind.",3
2,"Take a brisk 15–20 minute walk outdoors. The slightly increased pace compared to Level 1 encourages circulation and mild endorphin release, lifting mood and preventing stress from escalating.",5
2,"Practice focused breathing for 5–7 minutes using a box-breathing technique. Inhale, hold, exhale, hold (4 counts each). This actively calms the nervous system.",5
2,Schedule a 10-minute mid-day break to step away from work tasks. Disconnecting briefly helps reset attention and reduces tension accumulation.,5
2,Keep a stress log to jot down minor stressors and how you respond. Writing increases awareness and helps identify patterns early.,4
2,"Do 5–10 minutes of light stretching, focusing on shoulders, back, and hips. This prevents tension buildup from prolonged sitting.",5
2,Practice a 5-minute guided meditation specifically for stress reduction. Focused meditation helps train emotional regulation and prevents stress from rising.,4
2,Listen to calming music while taking slow deep breaths. Pairing auditory relaxation with mindful breathing enhances its stress-lowering effects.,5
2,"Drink herbal teas known for calming effects, like chamomile or lavender. These provide gentle physiological relaxation.",4
2,"Engage in a creative hobby for 15–20 minutes, such as drawing, knitting, or playing an instrument. Expressive activities redirect focus away from stressors.",3
2,"Set small, achievable goals for the day. Accomplishing minor tasks reduces low-level stress and improves a sense of control.",4
2,Perform a short body-scan meditation (5–7 minutes). Paying attention to each body part helps detect and release tension.,5
2,Stand up and stretch your back and legs to loosen up your body.,3
2,Spend 10 minutes in natural sunlight. Sunlight exposure enhances mood-regulating neurotransmitters and slightly lowers stress hormone levels.,4
2,"Drink enough water throughout the day, aiming for consistent hydration. Mild dehydration can subtly increase stress perception.",3
2,Take a short power nap (10–15 minutes). A light nap restores energy and reduces irritability.,2
2,Schedule a social check-in with a friend or family member. Positive social interaction is a strong buffer against stress escalation.,3
2,Practice gratitude by writing down three things you are grateful for. Reinforces positive mindset and counters rising tension.,4
2,"Engage in 5–10 minutes of mindful walking. Focus on sensations of movement, breathing, and surroundings to calm the mind.",5
2,Declutter your workspace or living area for 15 minutes. Physical organization reduces mental clutter and promotes calm.,5
2,Spend a few minutes focusing on posture and gentle stretches at your desk. Correcting posture can prevent subtle muscular stress that contributes to anxiety.,3
2,Limit multitasking for short periods and focus on one task at a time. Reduces cognitive load and prevents minor stress from escalating.,5
2,Practice diaphragmatic breathing for 5 minutes while seated comfortably. Deep belly breathing signals the body to relax.,4
2,Try a short digital detox for 20–30 minutes. Reduces information overload and allows the nervous system to reset.,5
2,"Perform 10–15 minutes of light exercise, such as yoga, tai chi, or bodyweight moves. Activates endorphins and relieves low-level stress physically.",4
2,Listen to a short motivational or uplifting podcast. Positive content distracts from minor stressors and promotes resilience.,3
2,"Practice mindful eating for one meal. Eating slowly, savoring flavors, and avoiding distractions improves digestion and reduces stress.",4
2,"Engage in laughter therapy, such as watching a short funny clip or playful activity. Laughter triggers biochemical changes that lower stress.",5
2,Spend 10 minutes with a pet or in nature. Interaction with animals or natural settings helps reduce cortisol levels.,3
2,Keep a brief meditation or mindfulness app ready for moments of rising tension. Accessibility encourages consistent practice and prevents stress accumulation.,2
2,"Perform slow, controlled stretches for hands, wrists, and neck if using a computer. Prevents subtle strain that contributes to mental tension.",4
2,End the day with a reflection of accomplishments and positive moments. Reinforces satisfaction and prevents small stressors from lingering overnight.,5
3,"Engage in 20–30 minutes of moderate exercise, such as brisk walking, cycling, or swimming. Regular movement actively lowers cortisol and boosts mood.",3
3,Practice focused breathing exercises for 7–10 minutes using techniques like 4-7-8 breathing. Helps regulate heart rate and reduces tension.,2
3,"Schedule a 15-minute mid-day relaxation break with eyes closed and minimal stimuli. A short, intentional pause resets mental energy.",3
3,"Journal about stressors, your responses, and potential solutions for 10–15 minutes. Writing promotes emotional clarity and problem-solving.",4
3,Engage in 10–15 minutes of guided mindfulness meditation or visualization. Focused attention on calming imagery reduces stress hormones.,4
3,"Stretch major muscle groups for 10–15 minutes, incorporating gentle yoga poses. Releases accumulated tension from shoulders, neck, and back.",5
3,"Spend 15–20 minutes outdoors in natural sunlight. Nature exposure enhances mood, vitamin D levels, and circadian rhythm stability.",5
3,"Drink herbal teas like chamomile, lavender, or valerian root. These can slightly sedate the nervous system and lower mild anxiety.",3
3,Take a short power nap of 15–20 minutes if energy is low. Restorative sleep reduces irritability and enhances coping ability.,4
3,Plan and prioritize tasks for the day with realistic goals. Structured planning reduces feelings of being overwhelmed.,3
3,Perform a 10-minute body-scan meditation to identify areas of tension and release them consciously. Builds awareness and control over physical stress signals.,4
3,Listen to calming instrumental music while performing light activities. Supports focus and relaxation simultaneously.,3
3,Practice progressive muscle relaxation for 10 minutes. Systematically tensing and relaxing muscles lowers overall physiological stress.,4
3,"Take a mindful walk, focusing on sensations and surroundings. Combines movement and attention, reducing rumination.",5
3,"Keep a “stress toolkit” ready (e.g., fidget items, journal, soothing music). Immediate access to coping tools prevents stress escalation.",4
3,"Engage in a creative hobby for 20–30 minutes. Expressing yourself through art, music, or crafts helps release tension mentally.",2
3,Spend time connecting with friends or family for positive interaction. Social support buffers moderate stress.,3
3,Practice gratitude journaling for 10 minutes. Shifting focus to positive aspects improves perspective and reduces stress impact.,4
3,Limit caffeine and sugar intake for the day. Excess stimulation can worsen moderate stress symptoms.,5
3,Perform a digital detox for 30–60 minutes. Reduces information overload and mental clutter.,3
3,"Do 10–15 minutes of light stretching or mobility exercises for wrists, neck, and shoulders if working at a desk. Prevents muscular tension and discomfort.",2
3,Practice diaphragmatic breathing for 10 minutes. Engages the parasympathetic nervous system to reduce physiological stress response.,4
3,Read a chapter of a positive or motivational book. Encourages mental focus and perspective shift away from stressors.,5
3,Engage in a playful or humorous activity for 15 minutes. Laughter reduces cortisol and boosts endorphins.,5
3,"Spend 15–20 minutes with nature, a pet, or gardening. Direct interaction with living things supports emotional calm.",3
3,"Practice mindful eating for one meal, focusing on flavors, texture, and chewing. Prevents stress-induced eating and enhances digestion.",2
3,Take a warm shower or bath while practicing mindfulness. Heat relaxes muscles and supports mental relaxation.,1
3,Check posture regularly and perform corrective exercises. Proper alignment prevents tension headaches and fatigue.,2
3,Reflect on daily achievements and small wins for 10 minutes before bedtime. Reinforces positive mindset and reduces ruminative thinking.,3
3,Engage in 5–10 minutes of gentle yoga or tai chi before sleep. Combines light movement and mindfulness for evening stress reduction.,1
4,"Engage in 30–40 minutes of moderate exercise, such as jogging, swimming, or cycling. Physical activity lowers cortisol, increases endorphins, and reduces tension.",4
4,"Practice 10–15 minutes of guided mindfulness or meditation. Focus on breath, body sensations, or calming imagery to reduce mental strain.",5
4,Schedule structured breaks every 60–90 minutes during work or study. Brief disengagement prevents accumulation of mental fatigue.,4
4,"Keep a detailed stress journal, noting triggers, thoughts, and reactions. Writing fosters awareness and early coping strategies.",5
4,Perform progressive muscle relaxation for 15 minutes. Reduces muscular tension associated with moderate stress.,5
4,Practice diaphragmatic breathing for 10 minutes at least twice a day. Calms the nervous system and lowers physiological stress response.,5
4,"Spend 20–30 minutes in nature, such as parks or green spaces. Natural surroundings reduce cortisol and promote emotional recovery.",4
4,Engage in social interaction with supportive friends or family. Sharing feelings strengthens emotional resilience.,3
4,"Do light stretching or yoga for 15–20 minutes, focusing on problem areas like back, neck, and shoulders. Reduces tension and promotes relaxation.",3
4,"Limit caffeine, alcohol, and sugar intake for the day. These substances can exacerbate stress and disrupt sleep.",4
4,Practice a short 15-minute guided imagery session. Visualizing a safe or happy space reduces tension and mental fatigue.,5
4,Take a 20-minute power nap if feeling fatigued. Improves alertness and emotional regulation.,4
4,Listen to calming music for 15–20 minutes while practicing deep breathing. Combines auditory and physical relaxation.,3
4,"Set realistic, achievable goals for the day with task prioritization. Reduces feelings of overwhelm and improves focus.",4
4,"Engage in creative expression, such as drawing, painting, or writing, for 20–30 minutes. Redirects mental energy from stressors.",5
4,Practice mindful eating during at least one meal. Focused attention reduces stress-induced overeating and aids digestion.,4
4,"Do 15 minutes of laughter therapy, humor videos, or playful activities. Physically reduces cortisol and promotes endorphin release.",3
4,Maintain hydration throughout the day. Mild dehydration can increase irritability and stress perception.,4
4,"Create a “stress toolkit” including soothing music, journal, fidget items, and comfort objects. Accessibility ensures timely stress intervention.",5
4,Take a warm bath or shower with mindful attention. Combines physical relaxation and sensory focus.,4
4,Check and correct posture during work for 5–10 minutes at a time. Prevents muscle strain that contributes to moderate stress.,3
4,"Engage in a 20–30 minute walk after meals. Combines physical activity and digestive support, easing mental fatigue.",5
4,Reflect on daily accomplishments for 10–15 minutes in a gratitude journal. Reinforces positivity and prevents rumination.,5
4,Do light household chores mindfully. Physical movement paired with mindfulness helps release tension while accomplishing tasks.,4
4,Spend time with pets or caring for plants for 20 minutes. Interaction with living things reduces cortisol and promotes calm.,3
4,"Use aromatherapy, such as lavender or eucalyptus oils. Pleasant scents can subtly lower stress hormone levels.",4
4,Practice controlled visualization of problem-solving scenarios. Helps mentally prepare and reduces anxiety about upcoming challenges.,5
4,Limit screen time in the evening and reduce notifications. Reduces overstimulation and supports better sleep quality.,4
4,"Perform gentle tai chi or yoga stretches for 15 minutes before bedtime. Combines mindfulness, movement, and relaxation for quality rest.",3
4,"Engage in 40–50 minutes of moderate-to-vigorous exercise, such as running, swimming, or HIIT. Releases endorphins and significantly lowers stress hormones.",5
5,"Practice 15–20 minutes of guided mindfulness meditation twice a day. Reduces cortisol, promotes emotional regulation, and enhances focus.",4
5,"Schedule structured breaks every 60 minutes during work or study, including brief walks or stretching. Prevents mental fatigue accumulation.",5
5,"Keep a stress journal and write about triggers, emotions, and coping strategies daily. Facilitates problem-solving and emotional awareness.",4
5,Perform progressive muscle relaxation for 20 minutes. Reduces accumulated muscular tension from moderate stress.,3
5,Practice diaphragmatic breathing for 10–15 minutes in the morning and evening. Promotes parasympathetic nervous system activation.,4
5,Spend 30 minutes in nature or green spaces daily. Nature exposure has strong physiological and psychological stress-reducing effects.,3
5,Maintain regular social contact with supportive friends or family. Sharing stressors strengthens emotional resilience.,3
5,"Engage in yoga, tai chi, or gentle stretching for 30 minutes. Combines mindfulness, movement, and stress relief.",4
5,"Limit caffeine, alcohol, and sugar intake to prevent exacerbation of stress symptoms. Improves sleep and emotional stability.",5
5,Perform guided imagery or visualization for 15 minutes. Reduces mental tension and improves coping ability.,5
5,Take a short nap of 20–30 minutes if fatigued. Restores energy and improves emotional resilience.,4
5,Listen to calming or uplifting music for 20–30 minutes daily. Enhances mood and reduces stress hormones.,3
5,Set daily achievable goals with prioritization. Structured planning prevents feeling overwhelmed and improves focus.,4
5,"Engage in creative expression, such as painting, writing, or playing music, for 30 minutes. Provides emotional release and focus redirection.",5
5,Practice mindful eating for all meals. Prevents stress-induced overeating and improves digestion.,3
5,Incorporate 15–20 minutes of laughter therapy or playful activities. Physiologically reduces cortisol and boosts endorphins.,2
5,Stay hydrated consistently throughout the day. Dehydration can worsen stress perception.,3
5,Perform body-scan meditation before sleep for 15–20 minutes. Identifies tension and promotes better,4
5,"Use a “stress toolkit” with music, journal, fidget items, or comfort objects. Immediate stress intervention reduces escalation.",3
5,Take mindful showers or baths daily. Physical relaxation combined with mindfulness lowers stress hormones.,2
5,Check posture every hour and perform corrective stretches. Prevents physical strain from compounding mental stress.,2
5,Go for post-meal walks to aid digestion and relieve tension. Combines physical activity with stress reduction.,4
5,Reflect on achievements and practice gratitude each evening. Reinforces positive mindset and counters rumination.,5
5,Engage in light household tasks mindfully. Provides physical movement while supporting mental relaxation.,5
5,Spend time with pets or plants for 20–30 minutes daily. Reduces cortisol and promotes calm.,4
5,Incorporate aromatherapy with essential oils like lavender or eucalyptus. Provides subtle stress reduction cues.,3
5,Practice structured problem-solving visualization. Mentally preparing for challenges reduces anxiety and stress.,2
5,Limit screen time and notifications in the evening. Prevents overstimulation and supports sleep.,5
5,"Perform gentle yoga, tai chi, or stretching before bed for 20 minutes. Combines movement, mindfulness, and relaxation to ensure restorative sleep.",5
5,"Take a 30-minute walk in a peaceful area, such as a park or quiet neighborhood. Use the time to breathe deeply, notice your surroundings to gently releases tension.",5
6,"Take a few slow breaths before bed while stretching gently. This signals to your body that the day is ending, improving relaxation and sleep quality.",5
6,Limit caffeine or sugar intake in the afternoon. Calmer energy throughout the evening supports better focus and steadier moods.,3
6,"Reflect on what you’ve achieved today, no matter how small. Recognizing progress boosts confidence and prevents burnout from overthinking.",4
6,"Spend 10 minutes on a creative outlet such as drawing, music, or journaling. Expressing yourself creatively helps relieve emotional tension.",4
6,"Step outside, stretch, and take in the surrounding nature. Fresh air and natural sounds restore focus and lower cortisol levels naturally.",5
6,Establish a clear end-of-day routine. Finish work at a consistent time and allow yourself to unwind fully without guilt afterward.,5
6,Take a warm shower or bath to relax muscles and refresh your senses. The physical comfort can calm your body and quiet an overstimulated mind.,5
6,Listen to a short mindfulness or stress-relief podcast. Focus on one message that resonates with you and carry it through the rest of your day.,4
6,Tense and relax each muscle group from your feet upward. Progressive relaxation helps release unnoticed physical strain and calms your nervous system.,4
6,"Eat your next meal slowly, paying attention to textures and flavors. Mindful eating brings awareness back to the present and reduces racing thoughts.",3
6,Repeat gentle affirmations such as “I’m doing my best today” or “This moment will pass.” Reassuring thoughts foster calm and resilience.,4
6,Schedule a small enjoyable activity after work or school. Looking forward to something pleasant helps balance effort with relaxation.,4
6,Do light yoga or a simple stretching sequence with calm music. Movement and breath together gently reduce body tension and ease mental fatigue.,5
6,"Read or listen to something inspirational, like a motivational quote or podcast. Positive words help interrupt worry loops and spark encouragement.",3
6,Write down your thoughts for 10 minutes without judgment. Journaling helps express emotions constructively and brings mental clarity.,4
6,Close your eyes and picture yourself in a peaceful place like a quiet forest or cozy cabin. Visualization calms nerves and releases inner tension.,4
6,Drink a large glass of water slowly and mindfully. Staying hydrated prevents fatigue and clears the brain fog that often accompanies stress.,3
6,Organize a small part of your workspace or home. Cleaning up physical clutter can quickly create a sense of order and emotional stability.,5
6,Follow a short guided meditation video for relaxation. Focusing on gentle instruction helps you mentally detach from the source of stress.,4
6,Pause to notice three things you’re grateful for right now. Gratitude helps shift attention away from stress and refocuses your energy on positive aspects.,4
6,Call or message someone you trust to share your thoughts or simply chat. Positive social contact releases oxytocin and reduces emotional strain.,4
6,"Light a candle or use essential oils like lavender, eucalyptus, or chamomile. Pleasant scents can uplift mood and subtly reduce mental tension.",3
6,"Focus on one task at a time. Completing a single activity fully before moving on helps improve focus, efficiency, and overall calmness throughout the day.",4
6,Step away from screens for at least 15 minutes. Let your eyes rest and give your mind a short break from constant digital stimulation and notifications.,5
6,Do a few shoulder rolls and gentle stretches at your desk. Small physical movements release muscle tightness and restore focus without requiring much effort.,4
6,"Have a healthy snack such as fruit, nuts, or yogurt. Nourishing your body prevents dips in energy that can worsen stress and irritability.",3
6,Make a to-do list with just three essential tasks. Simplifying priorities can reduce pressure and help you feel more in control of your workload.,4
6,"Sit quietly with calming background music. Focus on the melody or rhythm to help your mind slow down, release mental noise, and ease anxious thoughts.",4
6,"Practice slow, mindful breathing by inhaling deeply through your nose and exhaling slowly through your mouth. This lowers heart rate and activates relaxation responses.",5
6,"Go for a short 20-minute walk outdoors. Gentle movement combined with fresh air helps regulate breathing, clear your thoughts, and naturally restore calm energy.",5
7,"End your day with deep breathing and light stretching. A calm bedtime routine signals safety, helping your body fully rest and recharge.",5
7,Limit caffeine or sugary drinks for the rest of the day. Switching to herbal tea supports relaxation and prevents energy crashes.,3
7,Reflect on your progress this week before bed. Recognizing growth helps restore motivation and eases pressure from unfinished tasks.,4
7,"Do something creative for a few minutes, like sketching, cooking, or journaling. Creative expression helps release stress and build calm.",4
7,"Step outside and breathe deeply, noticing the air, sounds, and light around you. Small moments with nature reduce tension and lift energy.",5
7,End work or study at a set time each day. Protecting personal boundaries helps you recharge and prevents mental exhaustion.,5
7,"Take a warm shower or wash your face with cool water. Temperature change helps your body reset, easing physical and emotional fatigue.",5
7,Listen to an uplifting podcast or short motivational talk. Shifting focus to positive content helps renew perspective and inner calm.,4
7,"Try tightening and relaxing different muscle groups, from feet to shoulders. This helps your body release built-up tension effectively.",4
7,Eat your next meal slowly and mindfully. Pay attention to flavors and textures to bring awareness back to the present and calm your mind.,3
7,Repeat affirmations such as “I can handle today” or “I’m stronger than I feel.” Positive words help retrain your focus and calm anxiety.,4
7,"Plan a simple activity you’ll enjoy later, like tea, reading, or music. Having something pleasant ahead helps soften present stress.",4
7,Practice light yoga or slow stretching paired with deep breathing. Movement and mindfulness together ease both physical and mental tension.,5
7,Read a short quote or passage that inspires resilience. Positive reminders shift your perspective and help strengthen emotional balance.,3
7,Spend five minutes writing about your current feelings. Journaling helps you process emotions clearly and prevents thoughts from piling up.,4
7,Close your eyes and imagine yourself in a calm place — perhaps a quiet beach or peaceful garden. Visualization lowers stress and soothes tension.,4
7,Drink a tall glass of water slowly. Staying hydrated improves focus and prevents the fatigue that often worsens stress and irritability.,3
7,Clean or organize a small area around you. Creating order in your space sends a clear signal of calm and helps you feel more centered.,5
7,Try a short guided meditation or mindfulness session. Following a calm voice helps your body release tension and your mind refocus gently.,4
7,Pause for a few minutes to reflect on what went right today. Focusing on small wins helps you feel grounded and reminds you of your progress.,4
7,Talk with a close friend or family member about what’s on your mind. Sharing emotions lightens your load and builds emotional connection.,4
7,Light a candle or use essential oils like lavender or citrus. Pleasant scents can reduce anxiety and lift your mood with gentle sensory comfort.,3
7,Review your priorities and focus on one task at a time. Doing less with intention helps you work more calmly and feel less mentally scattered.,5
7,Take a 20-minute break from screens and notifications. Let your mind and eyes rest — the pause helps restore balance and lower tension.,5
7,"Stretch your shoulders, neck, and back for 10 minutes while breathing deeply. Light movement releases physical tightness and promotes calm focus.",4
7,"Eat a balanced snack with healthy protein and fiber, like nuts or fruit. Stable blood sugar supports clear thinking and prevents mood swings.",3
7,"Write down three tasks that feel overwhelming and break them into smaller, easier steps. A structured plan helps transform stress into progress.",4
7,Listen to calming music or nature sounds while sitting comfortably. Let the rhythm guide your breathing and melt away distracting thoughts.,4
7,"Practice slow breathing — inhale through your nose for four counts, hold briefly, and exhale for six. This rhythm slows your heart rate and releases stress.",4
7,"Take a short 15-minute walk outside or around your home. Gentle movement clears your head, relaxes muscles, and refreshes your focus naturally.",5
8,"Take a 20-minute walk outdoors to clear your thoughts, ease tension, and boost mood. Sunlight and fresh air help reset stress hormones and restore mental balance.",5
8,"Practice deep breathing for 10 minutes, inhaling slowly and exhaling longer. Focused breathing relaxes your body, steadies your heart rate, and quiets your mind.",4
8,"Listen to calming music and close your eyes. Let each note guide your breathing and soften anxious thoughts, helping your body and mind release tension.",4
8,"Write freely in a journal about what’s stressing you. Putting worries on paper brings clarity, reduces overthinking, and helps you find calm focus again.",4
8,"Eat a nutritious meal filled with vegetables, grains, and protein. Mindful eating stabilizes your energy, improves mood, and lowers emotional fatigue.",3
8,"Stretch your neck, shoulders, and back slowly while breathing deeply. Gentle movement reduces tightness, helping your muscles and mind relax naturally.",4
8,Step away from screens for 30 minutes to rest your eyes and clear mental clutter. A short digital break helps reset focus and reduce emotional fatigue.,5
8,Organize your priorities into a short list. Focus on the top three tasks and release what can wait. Clear structure reduces overwhelm and brings calm.,5
8,"Use calming scents like lavender or energizing ones like peppermint. Aromatherapy refreshes your mind, boosts focus, and brings gentle relaxation.",3
8,Talk to someone you trust about what’s been bothering you. Sharing emotions out loud reduces mental weight and builds connection and relief.,4
8,Pause and list three simple things you’re grateful for. Focusing on gratitude helps shift your thoughts from stress toward positivity and peace.,4
8,Try a short guided meditation for 10 minutes. Let a calm voice guide you through deep breathing to release tension and regain mental clarity.,4
8,Tidy up your workspace or a small area around you. A clean environment signals calm to your brain and improves focus and emotional stability.,5
8,"Drink a tall glass of water slowly. Hydration helps prevent fatigue and tension, keeping your body balanced and your mood more even.",3
8,Close your eyes and picture a peaceful place like a quiet beach or forest. Visualization lowers stress and helps your body relax deeply.,4
8,Free-write in your notes or journal for 5 minutes. Let thoughts flow naturally without judgment to release emotional buildup and stress.,4
8,"Read a short motivational quote or passage. Positive words remind you of strength, shifting your mindset toward resilience and calm focus.",3
8,"Practice light yoga or stretching to music. Slow movement releases tightness, boosts circulation, and restores emotional balance.",5
8,"Plan a small activity you enjoy, like watching a show or reading. Anticipating something pleasant helps ease stress and lift your mood.",4
8,Repeat calming affirmations such as “I am strong” or “I am doing my best.” Positive self-talk replaces worry with confidence and calm.,4
8,"Eat your next meal slowly, focusing on taste and texture. Mindful eating grounds you in the moment and helps calm racing thoughts.",3
8,Try progressive muscle relaxation by tensing and releasing muscles. This technique reduces hidden tension and promotes deep calm.,4
8,Listen to a motivational podcast or short audiobook. Hearing positive ideas shifts your focus from stress to growth and calm energy.,4
8,"Take a warm bath or shower using soothing scents. Warm water eases tight muscles and quiets your mind, preparing you for rest.",5
8,Set a firm time to end work and stick to it. Protecting personal time helps your mind detach from stress and prevents burnout.,5
8,Spend 15 minutes outdoors observing the sights and sounds around you. Nature’s calm energy helps lower tension and restore clarity.,5
8,"Engage in a creative hobby like sketching, cooking, or journaling. Creativity gives your mind space to relax and release emotions.",4
8,Reflect on your daily progress before bed. Recognizing small wins builds confidence and brings a sense of calm accomplishment.,4
8,"Limit caffeine and sugar after noon, and switch to herbal tea. Stable energy keeps your mood balanced and prevents anxiety spikes.",3
8,End your day with light stretching and slow breathing. A gentle nighttime routine signals your body it’s safe to relax and rest.,5
9,Take a 10–15 minute walk outdoors to clear your mind and reduce tension through movement and exposure to natural light.,5
9,"Pause all non-essential tasks for 15 minutes and allow yourself to breathe, stretch, and reset before continuing.",4
9,"Listen to calm, slow-tempo music or ambient sounds to help your heart rate and thoughts settle into a steadier rhythm.",4
9,"Write down the top three things causing stress and what you can control about each, focusing only on small, immediate actions.",5
9,Try a short guided breathing or meditation session using an app or YouTube video to reduce racing thoughts and muscle tension.,4
9,"Drink a glass of water and eat a healthy snack, especially if you’ve skipped meals or feel lightheaded from stress.",3
9,"Stretch your shoulders, neck, and back for a few minutes to release accumulated physical tension and improve circulation.",4
9,"Use grounding by focusing on physical sensations, such as rubbing your hands together or touching a textured surface, to center yourself.",4
9,Turn off notifications and take a 20-minute digital detox break to reduce sensory overload and mental fatigue.,5
9,"Journal about what you’re feeling without judgment, allowing your thoughts to flow freely and offload mental clutter.",4
9,"Try gentle yoga or stretching at home, focusing on slow, mindful movement to help your body and mind reconnect.",4
9,"Talk to someone supportive — a friend, coworker, or family member — about what’s overwhelming you, instead of keeping it in.",5
9,Light a calming scent like lavender or sandalwood to help relax your nervous system through aromatherapy.,3
9,"Practice gratitude by writing three small things that went well today, no matter how simple they are.",4
9,Take a warm shower or bath to release muscle tension and signal to your body that it’s safe to relax.,5
9,"Limit caffeine, nicotine, and sugar intake for the rest of the day to prevent further agitation and energy crashes.",3
9,"Sit quietly and focus on slow, rhythmic breathing for five minutes, imagining your breath releasing tension with each exhale.",4
9,Watch something lighthearted or listen to a comforting podcast to shift your emotional state and give your mind a break.,4
9,"Engage in a small, productive task like tidying your desk or folding laundry to regain a sense of control and order.",4
9,"Set clear boundaries for the rest of the day, such as stopping work at a specific time and saying no to new obligations.",5
9,"Prepare a comforting meal and eat it slowly, focusing on taste and texture to help ground your senses.",4
9,"Spend a few minutes outside observing nature, such as trees, clouds, or birds, to help calm your thoughts.",5
9,Write down a to-do list for tomorrow to organize your mind and reduce mental clutter before resting.,4
9,Read a few pages of an uplifting or relaxing book to redirect your focus away from stress.,3
9,Use positive affirmations like 'I can handle this' or 'I’m doing my best' to counter negative self-talk.,4
9,"Do a creative activity such as drawing, playing music, or crafting to express and release emotional tension.",4
9,"Take short breaks every hour if you’re working, and use that time to breathe, stretch, or move around.",5
9,Reflect on what’s actually within your control today and let go of what isn’t to lower unnecessary pressure.,5
9,Spend time with a pet or loved one to boost oxytocin and naturally reduce stress hormones.,5
9,"Plan a short relaxation routine for bedtime to help ensure a deeper, more restorative sleep.",4
9,Reach out for emotional support from someone who can listen with empathy.,5
10,"Light a candle or focus on a small flame, observing it closely to center your attention and slow mental chaos.",3
10,"Spend time in nature, even for a few minutes—looking at trees, clouds, or open spaces can lower stress hormones quickly.",5
10,"Listen to slow, rhythmic music or a heartbeat-like drum pattern to synchronize your breathing and reduce anxiety.",4
10,"Write down three small things you can control right now, no matter how minor, to restore a sense of personal agency.",4
10,"Lie down and place one hand over your heart, feeling your heartbeat as you breathe deeply to ground yourself in your body.",4
10,"Do a simple stretching routine, focusing on releasing your neck, shoulders, and back to reduce the body’s stress response.",4
10,Use gentle self-talk like “I’ve survived this feeling before” or “This moment won’t last forever” to reframe the crisis calmly.,4
10,"Dim the lights, silence notifications, and minimize sensory input to prevent overstimulation when your mind is overwhelmed.",5
10,Try the “ice cube technique” by holding an ice cube in your hand or against your wrist to ground yourself through physical sensation.,4
10,Hold or cuddle a pet if available—the physical comfort and rhythmic breathing of animals can instantly lower cortisol levels.,4
10,"Watch something light or comforting—a calming video, gentle movie, or pet clip—to help shift focus away from distressing thoughts.",3
10,"Try aromatherapy with scents like lavender, chamomile, or eucalyptus to promote relaxation and reduce physiological stress.",3
10,"Journal freely about your emotions without judgment, letting thoughts flow to release built-up mental pressure.",4
10,"Engage in a soothing, repetitive activity like knitting, coloring, or folding laundry to distract your mind and regain control.",3
10,"If you feel unable to cope safely, contact a crisis hotline or mental health professional immediately to receive guided, supportive help in real time.",5
10,Avoid making major decisions while feeling this way—give yourself permission to pause and focus only on immediate self-care until emotions settle.,5
10,"Hold a comforting object (like a soft fabric, pet, or familiar item) to engage your senses and reinforce a sense of safety and presence.",3
10,Repeat a grounding mantra like “I am safe right now” or “This feeling will pass” to redirect your thoughts away from panic and fear.,4
10,"Find a quiet, dimly lit space and focus on slow breathing or gentle music to reduce sensory overload and calm your body.",5
10,"Take a cool shower or splash your face with cold water to trigger the “dive reflex,” which can instantly lower your heart rate and stress intensity.",4
10,Write down everything that’s overwhelming you on paper—seeing it externalized can make your thoughts feel more manageable and structured.,4
10,"Listen to calming sounds or nature noises such as rainfall, waves, or soft instrumental music to slow your heart rate and soothe your nervous system.",4
10,"Seek professional support from a therapist, counselor, or doctor if your stress feels unmanageable or lasts for an extended period.",5
10,Avoid stimulants such as caffeine or nicotine since they can heighten anxiety and make it harder to relax.,3
10,"Drink water and have a light snack to stabilize your energy and avoid physical symptoms that worsen stress, like dizziness or fatigue.",3
10,"Engage in gentle movement like walking, stretching, or yoga to release built-up stress hormones and restore balance to your body.",4
